Monument Name,State/UT,City,Latitude,Longitude,Description,Image Link,3D Model Link
Indian Heritage Monument 1,Ladakh,Temple Town,,,"Historic monument located in Temple Town, Ladakh.",https://upload.wikimedia.org/,https://sketchfab.com/
Indian Heritage Monument 2,Lakshadweep,Capital City,,,"Historic monument located in Capital City, Lakshadweep.",https://upload.wikimedia.org/,https://sketchfab.com/
Indian Heritage Monument 3,Uttar Pradesh,Fort City,,,"Historic monument located in Fort City, Uttar Pradesh.",https://upload.wikimedia.org/,https://sketchfab.com/
Indian Heritage Monument 4,Assam,Heritage City,,,"Historic monument located in Heritage City, Assam.",https://upload.wikimedia.org/,https://sketchfab.com/
Indian Heritage Monument 5,Bihar,Heritage City,,,"Historic monument located in Heritage City, Bihar.",https://upload.wikimedia.org/,https://sketchfab.com/
Indian Heritage Monument 6,Andaman and Nicobar Islands,Temple Town,,,"Historic monument located in Temple Town, Andaman and Nicobar Islands.",https://upload.wikimedia.org/,https://sketchfab.com/
Indian Heritage Monument 7,Tripura,Temple Town,,,"Historic monument located in Temple Town, Tripura.",https://upload.wikimedia.org/,https://sketchfab.com/
Indian Heritage Monument 8,Tamil Nadu,Fort City,,,"Historic monument located in Fort City, Tamil Nadu.",https://upload.wikimedia.org/,https://sketchfab.com/
Indian Heritage Monument 9,Gujarat,Historic Town,,,"Historic monument located in Historic Town, Gujarat.",https://upload.wikimedia.org/,https://sketchfab.com/
Indian Heritage Monument 10,Chandigarh,Capital City,,,"Historic monument located in Capital City, Chandigarh.",https://upload.wikimedia.org/,https://sketchfab.com/
Indian Heritage Monument 11,Sikkim,Fort City,,,"Historic monument located in Fort City, Sikkim.",https://upload.wikimedia.org/,https://sketchfab.com/
Indian Heritage Monument 12,Uttar Pradesh,Capital City,,,"Historic monument located in Capital City, Uttar Pradesh.",https://upload.wikimedia.org/,https://sketchfab.com/
Indian Heritage Monument 13,Meghalaya,Historic Town,,,"Historic monument located in Historic Town, Meghalaya.",https://upload.wikimedia.org/,https://sketchfab.com/
Indian Heritage Monument 14,Uttarakhand,Fort City,,,"Historic monument located in Fort City, Uttarakhand.",https://upload.wikimedia.org/,https://sketchfab.com/
Indian Heritage Monument 15,Punjab,Capital City,,,"Historic monument located in Capital City, Punjab.",https://upload.wikimedia.org/,https://sketchfab.com/
Indian Heritage Monument 16,Goa,Temple Town,,,"Historic monument located in Temple Town, Goa.",https://upload.wikimedia.org/,https://sketchfab.com/
Indian Heritage Monument 17,Meghalaya,Heritage City,,,"Historic monument located in Heritage City, Meghalaya.",https://upload.wikimedia.org/,https://sketchfab.com/
Indian Heritage Monument 18,West Bengal,Fort City,,,"Historic monument located in Fort City, West Bengal.",https://upload.wikimedia.org/,https://sketchfab.com/
Indian Heritage Monument 19,Sikkim,Historic Town,,,"Historic monument located in Historic Town, Sikkim.",https://upload.wikimedia.org/,https://sketchfab.com/
Indian Heritage Monument 20,Tamil Nadu,Historic Town,,,"Historic monument located in Historic Town, Tamil Nadu.",https://upload.wikimedia.org/,https://sketchfab.com/
Indian Heritage Monument 21,Mizoram,Fort City,,,"Historic monument located in Fort City, Mizoram.",https://upload.wikimedia.org/,https://sketchfab.com/
Indian Heritage Monument 22,West Bengal,Ancient Site,,,"Historic monument located in Ancient Site, West Bengal.",https://upload.wikimedia.org/,https://sketchfab.com/
Indian Heritage Monument 23,Karnataka,Heritage City,,,"Historic monument located in Heritage City, Karnataka.",https://upload.wikimedia.org/,https://sketchfab.com/
Indian Heritage Monument 24,Dadra and Nagar Haveli and Daman and Diu,Fort City,,,"Historic monument located in Fort City, Dadra and Nagar Haveli and Daman and Diu.",https://upload.wikimedia.org/,https://sketchfab.com/
Indian Heritage Monument 25,Kerala,Ancient Site,,,"Historic monument located in Ancient Site, Kerala.",https://upload.wikimedia.org/,https://sketchfab.com/
Indian Heritage Monument 26,Meghalaya,Historic Town,,,"Historic monument located in Historic Town, Meghalaya.",https://upload.wikimedia.org/,https://sketchfab.com/
Indian Heritage Monument 27,Tamil Nadu,Fort City,,,"Historic monument located in Fort City, Tamil Nadu.",https://upload.wikimedia.org/,https://sketchfab.com/
Indian Heritage Monument 28,Maharashtra,Historic Town,,,"Historic monument located in Historic Town, Maharashtra.",https://upload.wikimedia.org/,https://sketchfab.com/
Indian Heritage Monument 29,Uttar Pradesh,Historic Town,,,"Historic monument located in Historic Town, Uttar Pradesh.",https://upload.wikimedia.org/,https://sketchfab.com/
Indian Heritage Monument 30,Goa,Ancient Site,,,"Historic monument located in Ancient Site, Goa.",https://upload.wikimedia.org/,https://sketchfab.com/
Indian Heritage Monument 31,Punjab,Historic Town,,,"Historic monument located in Historic Town, Punjab.",https://upload.wikimedia.org/,https://sketchfab.com/
Indian Heritage Monument 32,Kerala,Heritage City,,,"Historic monument located in Heritage City, Kerala.",https://upload.wikimedia.org/,https://sketchfab.com/
Indian Heritage Monument 33,Andaman and Nicobar Islands,Heritage City,,,"Historic monument located in Heritage City, Andaman and Nicobar Islands.",https://upload.wikimedia.org/,https://sketchfab.com/
Indian Heritage Monument 34,Uttarakhand,Capital City,,,"Historic monument located in Capital City, Uttarakhand.",https://upload.wikimedia.org/,https://sketchfab.com/
Indian Heritage Monument 35,Puducherry,Capital City,,,"Historic monument located in Capital City, Puducherry.",https://upload.wikimedia.org/,https://sketchfab.com/
Indian Heritage Monument 36,Sikkim,Capital City,,,"Historic monument located in Capital City, Sikkim.",https://upload.wikimedia.org/,https://sketchfab.com/
Indian Heritage Monument 37,Himachal Pradesh,Temple Town,,,"Historic monument located in Temple Town, Himachal Pradesh.",https://upload.wikimedia.org/,https://sketchfab.com/
Indian Heritage Monument 38,Mizoram,Historic Town,,,"Historic monument located in Historic Town, Mizoram.",https://upload.wikimedia.org/,https://sketchfab.com/
Indian Heritage Monument 39,Gujarat,Temple Town,,,"Historic monument located in Temple Town, Gujarat.",https://upload.wikimedia.org/,https://sketchfab.com/
Indian Heritage Monument 40,Assam,Temple Town,,,"Historic monument located in Temple Town, Assam.",https://upload.wikimedia.org/,https://sketchfab.com/
Indian Heritage Monument 41,Telangana,Capital City,,,"Historic monument located in Capital City, Telangana.",https://upload.wikimedia.org/,https://sketchfab.com/
Indian Heritage Monument 42,Delhi,Ancient Site,,,"Historic monument located in Ancient Site, Delhi.",https://upload.wikimedia.org/,https://sketchfab.com/
Indian Heritage Monument 43,Telangana,Capital City,,,"Historic monument located in Capital City, Telangana.",https://upload.wikimedia.org/,https://sketchfab.com/
Indian Heritage Monument 44,Goa,Fort City,,,"Historic monument located in Fort City, Goa.",https://upload.wikimedia.org/,https://sketchfab.com/
Indian Heritage Monument 45,Delhi,Capital City,,,"Historic monument located in Capital City, Delhi.",https://upload.wikimedia.org/,https://sketchfab.com/
Indian Heritage Monument 46,Jammu and Kashmir,Fort City,,,"Historic monument located in Fort City, Jammu and Kashmir.",https://upload.wikimedia.org/,https://sketchfab.com/
Indian Heritage Monument 47,Dadra and Nagar Haveli and Daman and Diu,Heritage City,,,"Historic monument located in Heritage City, Dadra and Nagar Haveli and Daman and Diu.",https://upload.wikimedia.org/,https://sketchfab.com/
Indian Heritage Monument 48,Jharkhand,Ancient Site,,,"Historic monument located in Ancient Site, Jharkhand.",https://upload.wikimedia.org/,https://sketchfab.com/
Indian Heritage Monument 49,Mizoram,Fort City,,,"Historic monument located in Fort City, Mizoram.",https://upload.wikimedia.org/,https://sketchfab.com/
Indian Heritage Monument 50,Madhya Pradesh,Temple Town,,,"Historic monument located in Temple Town, Madhya Pradesh.",https://upload.wikimedia.org/,https://sketchfab.com/
Indian Heritage Monument 51,Telangana,Ancient Site,,,"Historic monument located in Ancient Site, Telangana.",https://upload.wikimedia.org/,https://sketchfab.com/
Indian Heritage Monument 52,Tripura,Fort City,,,"Historic monument located in Fort City, Tripura.",https://upload.wikimedia.org/,https://sketchfab.com/
Indian Heritage Monument 53,Nagaland,Historic Town,,,"Historic monument located in Historic Town, Nagaland.",https://upload.wikimedia.org/,https://sketchfab.com/
Indian Heritage Monument 54,Jammu and Kashmir,Ancient Site,,,"Historic monument located in Ancient Site, Jammu and Kashmir.",https://upload.wikimedia.org/,https://sketchfab.com/
Indian Heritage Monument 55,Jharkhand,Heritage City,,,"Historic monument located in Heritage City, Jharkhand.",https://upload.wikimedia.org/,https://sketchfab.com/
Indian Heritage Monument 56,Lakshadweep,Heritage City,,,"Historic monument located in Heritage City, Lakshadweep.",https://upload.wikimedia.org/,https://sketchfab.com/
Indian Heritage Monument 57,Gujarat,Heritage City,,,"Historic monument located in Heritage City, Gujarat.",https://upload.wikimedia.org/,https://sketchfab.com/
Indian Heritage Monument 58,Arunachal Pradesh,Historic Town,,,"Historic monument located in Historic Town, Arunachal Pradesh.",https://upload.wikimedia.org/,https://sketchfab.com/
Indian Heritage Monument 59,Bihar,Temple Town,,,"Historic monument located in Temple Town, Bihar.",https://upload.wikimedia.org/,https://sketchfab.com/
Indian Heritage Monument 60,Chhattisgarh,Fort City,,,"Historic monument located in Fort City, Chhattisgarh.",https://upload.wikimedia.org/,https://sketchfab.com/
Indian Heritage Monument 61,Mizoram,Capital City,,,"Historic monument located in Capital City, Mizoram.",https://upload.wikimedia.org/,https://sketchfab.com/
Indian Heritage Monument 62,Himachal Pradesh,Fort City,,,"Historic monument located in Fort City, Himachal Pradesh.",https://upload.wikimedia.org/,https://sketchfab.com/
Indian Heritage Monument 63,Madhya Pradesh,Heritage City,,,"Historic monument located in Heritage City, Madhya Pradesh.",https://upload.wikimedia.org/,https://sketchfab.com/
Indian Heritage Monument 64,Puducherry,Temple Town,,,"Historic monument located in Temple Town, Puducherry.",https://upload.wikimedia.org/,https://sketchfab.com/
Indian Heritage Monument 65,Odisha,Fort City,,,"Historic monument located in Fort City, Odisha.",https://upload.wikimedia.org/,https://sketchfab.com/
Indian Heritage Monument 66,Uttar Pradesh,Temple Town,,,"Historic monument located in Temple Town, Uttar Pradesh.",https://upload.wikimedia.org/,https://sketchfab.com/
Indian Heritage Monument 67,Sikkim,Capital City,,,"Historic monument located in Capital City, Sikkim.",https://upload.wikimedia.org/,https://sketchfab.com/
Indian Heritage Monument 68,Meghalaya,Ancient Site,,,"Historic monument located in Ancient Site, Meghalaya.",https://upload.wikimedia.org/,https://sketchfab.com/
Indian Heritage Monument 69,Uttarakhand,Capital City,,,"Historic monument located in Capital City, Uttarakhand.",https://upload.wikimedia.org/,https://sketchfab.com/
Indian Heritage Monument 70,Chhattisgarh,Ancient Site,,,"Historic monument located in Ancient Site, Chhattisgarh.",https://upload.wikimedia.org/,https://sketchfab.com/
Indian Heritage Monument 71,Chhattisgarh,Historic Town,,,"Historic monument located in Historic Town, Chhattisgarh.",https://upload.wikimedia.org/,https://sketchfab.com/
Indian Heritage Monument 72,Andhra Pradesh,Historic Town,,,"Historic monument located in Historic Town, Andhra Pradesh.",https://upload.wikimedia.org/,https://sketchfab.com/
Indian Heritage Monument 73,Bihar,Historic Town,,,"Historic monument located in Historic Town, Bihar.",https://upload.wikimedia.org/,https://sketchfab.com/
Indian Heritage Monument 74,Mizoram,Historic Town,,,"Historic monument located in Historic Town, Mizoram.",https://upload.wikimedia.org/,https://sketchfab.com/
Indian Heritage Monument 75,Telangana,Historic Town,,,"Historic monument located in Historic Town, Telangana.",https://upload.wikimedia.org/,https://sketchfab.com/
Indian Heritage Monument 76,Jammu and Kashmir,Fort City,,,"Historic monument located in Fort City, Jammu and Kashmir.",https://upload.wikimedia.org/,https://sketchfab.com/
Indian Heritage Monument 77,Manipur,Ancient Site,,,"Historic monument located in Ancient Site, Manipur.",https://upload.wikimedia.org/,https://sketchfab.com/
Indian Heritage Monument 78,Sikkim,Ancient Site,,,"Historic monument located in Ancient Site, Sikkim.",https://upload.wikimedia.org/,https://sketchfab.com/
Indian Heritage Monument 79,Telangana,Heritage City,,,"Historic monument located in Heritage City, Telangana.",https://upload.wikimedia.org/,https://sketchfab.com/
Indian Heritage Monument 80,Puducherry,Fort City,,,"Historic monument located in Fort City, Puducherry.",https://upload.wikimedia.org/,https://sketchfab.com/
Indian Heritage Monument 81,Mizoram,Fort City,,,"Historic monument located in Fort City, Mizoram.",https://upload.wikimedia.org/,https://sketchfab.com/
Indian Heritage Monument 82,Dadra and Nagar Haveli and Daman and Diu,Ancient Site,,,"Historic monument located in Ancient Site, Dadra and Nagar Haveli and Daman and Diu.",https://upload.wikimedia.org/,https://sketchfab.com/
Indian Heritage Monument 83,Goa,Temple Town,,,"Historic monument located in Temple Town, Goa.",https://upload.wikimedia.org/,https://sketchfab.com/
Indian Heritage Monument 84,Chhattisgarh,Heritage City,,,"Historic monument located in Heritage City, Chhattisgarh.",https://upload.wikimedia.org/,https://sketchfab.com/
Indian Heritage Monument 85,Odisha,Fort City,,,"Historic monument located in Fort City, Odisha.",https://upload.wikimedia.org/,https://sketchfab.com/
Indian Heritage Monument 86,Jammu and Kashmir,Historic Town,,,"Historic monument located in Historic Town, Jammu and Kashmir.",https://upload.wikimedia.org/,https://sketchfab.com/
Indian Heritage Monument 87,Jammu and Kashmir,Temple Town,,,"Historic monument located in Temple Town, Jammu and Kashmir.",https://upload.wikimedia.org/,https://sketchfab.com/
Indian Heritage Monument 88,Bihar,Capital City,,,"Historic monument located in Capital City, Bihar.",https://upload.wikimedia.org/,https://sketchfab.com/
Indian Heritage Monument 89,Maharashtra,Fort City,,,"Historic monument located in Fort City, Maharashtra.",https://upload.wikimedia.org/,https://sketchfab.com/
Indian Heritage Monument 90,Arunachal Pradesh,Historic Town,,,"Historic monument located in Historic Town, Arunachal Pradesh.",https://upload.wikimedia.org/,https://sketchfab.com/
Indian Heritage Monument 91,Kerala,Heritage City,,,"Historic monument located in Heritage City, Kerala.",https://upload.wikimedia.org/,https://sketchfab.com/
Indian Heritage Monument 92,Sikkim,Ancient Site,,,"Historic monument located in Ancient Site, Sikkim.",https://upload.wikimedia.org/,https://sketchfab.com/
Indian Heritage Monument 93,Arunachal Pradesh,Capital City,,,"Historic monument located in Capital City, Arunachal Pradesh.",https://upload.wikimedia.org/,https://sketchfab.com/
Indian Heritage Monument 94,Kerala,Historic Town,,,"Historic monument located in Historic Town, Kerala.",https://upload.wikimedia.org/,https://sketchfab.com/
Indian Heritage Monument 95,Uttarakhand,Temple Town,,,"Historic monument located in Temple Town, Uttarakhand.",https://upload.wikimedia.org/,https://sketchfab.com/
Indian Heritage Monument 96,Mizoram,Historic Town,,,"Historic monument located in Historic Town, Mizoram.",https://upload.wikimedia.org/,https://sketchfab.com/
Indian Heritage Monument 97,Ladakh,Ancient Site,,,"Historic monument located in Ancient Site, Ladakh.",https://upload.wikimedia.org/,https://sketchfab.com/
Indian Heritage Monument 98,West Bengal,Historic Town,,,"Historic monument located in Historic Town, West Bengal.",https://upload.wikimedia.org/,https://sketchfab.com/
Indian Heritage Monument 99,Jharkhand,Heritage City,,,"Historic monument located in Heritage City, Jharkhand.",https://upload.wikimedia.org/,https://sketchfab.com/
Indian Heritage Monument 100,Jammu and Kashmir,Capital City,,,"Historic monument located in Capital City, Jammu and Kashmir.",https://upload.wikimedia.org/,https://sketchfab.com/
Indian Heritage Monument 101,Uttarakhand,Capital City,,,"Historic monument located in Capital City, Uttarakhand.",https://upload.wikimedia.org/,https://sketchfab.com/
Indian Heritage Monument 102,Nagaland,Historic Town,,,"Historic monument located in Historic Town, Nagaland.",https://upload.wikimedia.org/,https://sketchfab.com/
Indian Heritage Monument 103,Arunachal Pradesh,Temple Town,,,"Historic monument located in Temple Town, Arunachal Pradesh.",https://upload.wikimedia.org/,https://sketchfab.com/
Indian Heritage Monument 104,Puducherry,Ancient Site,,,"Historic monument located in Ancient Site, Puducherry.",https://upload.wikimedia.org/,https://sketchfab.com/
Indian Heritage Monument 105,Madhya Pradesh,Heritage City,,,"Historic monument located in Heritage City, Madhya Pradesh.",https://upload.wikimedia.org/,https://sketchfab.com/
Indian Heritage Monument 106,Rajasthan,Historic Town,,,"Historic monument located in Historic Town, Rajasthan.",https://upload.wikimedia.org/,https://sketchfab.com/
Indian Heritage Monument 107,Tamil Nadu,Temple Town,,,"Historic monument located in Temple Town, Tamil Nadu.",https://upload.wikimedia.org/,https://sketchfab.com/
Indian Heritage Monument 108,Chhattisgarh,Ancient Site,,,"Historic monument located in Ancient Site, Chhattisgarh.",https://upload.wikimedia.org/,https://sketchfab.com/
Indian Heritage Monument 109,Assam,Ancient Site,,,"Historic monument located in Ancient Site, Assam.",https://upload.wikimedia.org/,https://sketchfab.com/
Indian Heritage Monument 110,Himachal Pradesh,Temple Town,,,"Historic monument located in Temple Town, Himachal Pradesh.",https://upload.wikimedia.org/,https://sketchfab.com/
Indian Heritage Monument 111,Nagaland,Ancient Site,,,"Historic monument located in Ancient Site, Nagaland.",https://upload.wikimedia.org/,https://sketchfab.com/
Indian Heritage Monument 112,Himachal Pradesh,Capital City,,,"Historic monument located in Capital City, Himachal Pradesh.",https://upload.wikimedia.org/,https://sketchfab.com/
Indian Heritage Monument 113,Nagaland,Ancient Site,,,"Historic monument located in Ancient Site, Nagaland.",https://upload.wikimedia.org/,https://sketchfab.com/
Indian Heritage Monument 114,Arunachal Pradesh,Historic Town,,,"Historic monument located in Historic Town, Arunachal Pradesh.",https://upload.wikimedia.org/,https://sketchfab.com/
Indian Heritage Monument 115,Karnataka,Historic Town,,,"Historic monument located in Historic Town, Karnataka.",https://upload.wikimedia.org/,https://sketchfab.com/
Indian Heritage Monument 116,Odisha,Ancient Site,,,"Historic monument located in Ancient Site, Odisha.",https://upload.wikimedia.org/,https://sketchfab.com/
Indian Heritage Monument 117,Haryana,Heritage City,,,"Historic monument located in Heritage City, Haryana.",https://upload.wikimedia.org/,https://sketchfab.com/
Indian Heritage Monument 118,Ladakh,Heritage City,,,"Historic monument located in Heritage City, Ladakh.",https://upload.wikimedia.org/,https://sketchfab.com/
Indian Heritage Monument 119,Himachal Pradesh,Historic Town,,,"Historic monument located in Historic Town, Himachal Pradesh.",https://upload.wikimedia.org/,https://sketchfab.com/
Indian Heritage Monument 120,Himachal Pradesh,Fort City,,,"Historic monument located in Fort City, Himachal Pradesh.",https://upload.wikimedia.org/,https://sketchfab.com/
Indian Heritage Monument 121,Chandigarh,Historic Town,,,"Historic monument located in Historic Town, Chandigarh.",https://upload.wikimedia.org/,https://sketchfab.com/
Indian Heritage Monument 122,Kerala,Fort City,,,"Historic monument located in Fort City, Kerala.",https://upload.wikimedia.org/,https://sketchfab.com/
Indian Heritage Monument 123,Maharashtra,Fort City,,,"Historic monument located in Fort City, Maharashtra.",https://upload.wikimedia.org/,https://sketchfab.com/
Indian Heritage Monument 124,Kerala,Ancient Site,,,"Historic monument located in Ancient Site, Kerala.",https://upload.wikimedia.org/,https://sketchfab.com/
Indian Heritage Monument 125,Ladakh,Heritage City,,,"Historic monument located in Heritage City, Ladakh.",https://upload.wikimedia.org/,https://sketchfab.com/
Indian Heritage Monument 126,Assam,Heritage City,,,"Historic monument located in Heritage City, Assam.",https://upload.wikimedia.org/,https://sketchfab.com/
Indian Heritage Monument 127,Tamil Nadu,Historic Town,,,"Historic monument located in Historic Town, Tamil Nadu.",https://upload.wikimedia.org/,https://sketchfab.com/
Indian Heritage Monument 128,West Bengal,Historic Town,,,"Historic monument located in Historic Town, West Bengal.",https://upload.wikimedia.org/,https://sketchfab.com/
Indian Heritage Monument 129,Rajasthan,Fort City,,,"Historic monument located in Fort City, Rajasthan.",https://upload.wikimedia.org/,https://sketchfab.com/
Indian Heritage Monument 130,Himachal Pradesh,Capital City,,,"Historic monument located in Capital City, Himachal Pradesh.",https://upload.wikimedia.org/,https://sketchfab.com/
Indian Heritage Monument 131,Manipur,Historic Town,,,"Historic monument located in Historic Town, Manipur.",https://upload.wikimedia.org/,https://sketchfab.com/
Indian Heritage Monument 132,Dadra and Nagar Haveli and Daman and Diu,Capital City,,,"Historic monument located in Capital City, Dadra and Nagar Haveli and Daman and Diu.",https://upload.wikimedia.org/,https://sketchfab.com/
Indian Heritage Monument 133,Chandigarh,Temple Town,,,"Historic monument located in Temple Town, Chandigarh.",https://upload.wikimedia.org/,https://sketchfab.com/
Indian Heritage Monument 134,Andaman and Nicobar Islands,Fort City,,,"Historic monument located in Fort City, Andaman and Nicobar Islands.",https://upload.wikimedia.org/,https://sketchfab.com/
Indian Heritage Monument 135,Manipur,Heritage City,,,"Historic monument located in Heritage City, Manipur.",https://upload.wikimedia.org/,https://sketchfab.com/
Indian Heritage Monument 136,Jammu and Kashmir,Capital City,,,"Historic monument located in Capital City, Jammu and Kashmir.",https://upload.wikimedia.org/,https://sketchfab.com/
Indian Heritage Monument 137,Sikkim,Ancient Site,,,"Historic monument located in Ancient Site, Sikkim.",https://upload.wikimedia.org/,https://sketchfab.com/
Indian Heritage Monument 138,Punjab,Temple Town,,,"Historic monument located in Temple Town, Punjab.",https://upload.wikimedia.org/,https://sketchfab.com/
Indian Heritage Monument 139,Delhi,Capital City,,,"Historic monument located in Capital City, Delhi.",https://upload.wikimedia.org/,https://sketchfab.com/
Indian Heritage Monument 140,Bihar,Fort City,,,"Historic monument located in Fort City, Bihar.",https://upload.wikimedia.org/,https://sketchfab.com/
Indian Heritage Monument 141,Uttarakhand,Capital City,,,"Historic monument located in Capital City, Uttarakhand.",https://upload.wikimedia.org/,https://sketchfab.com/
Indian Heritage Monument 142,Andaman and Nicobar Islands,Capital City,,,"Historic monument located in Capital City, Andaman and Nicobar Islands.",https://upload.wikimedia.org/,https://sketchfab.com/
Indian Heritage Monument 143,Jharkhand,Temple Town,,,"Historic monument located in Temple Town, Jharkhand.",https://upload.wikimedia.org/,https://sketchfab.com/
Indian Heritage Monument 144,Sikkim,Ancient Site,,,"Historic monument located in Ancient Site, Sikkim.",https://upload.wikimedia.org/,https://sketchfab.com/
Indian Heritage Monument 145,Kerala,Heritage City,,,"Historic monument located in Heritage City, Kerala.",https://upload.wikimedia.org/,https://sketchfab.com/
Indian Heritage Monument 146,Uttarakhand,Historic Town,,,"Historic monument located in Historic Town, Uttarakhand.",https://upload.wikimedia.org/,https://sketchfab.com/
Indian Heritage Monument 147,Goa,Historic Town,,,"Historic monument located in Historic Town, Goa.",https://upload.wikimedia.org/,https://sketchfab.com/
Indian Heritage Monument 148,Punjab,Historic Town,,,"Historic monument located in Historic Town, Punjab.",https://upload.wikimedia.org/,https://sketchfab.com/
Indian Heritage Monument 149,Kerala,Fort City,,,"Historic monument located in Fort City, Kerala.",https://upload.wikimedia.org/,https://sketchfab.com/
Indian Heritage Monument 150,Delhi,Fort City,,,"Historic monument located in Fort City, Delhi.",https://upload.wikimedia.org/,https://sketchfab.com/
Indian Heritage Monument 151,Andaman and Nicobar Islands,Heritage City,,,"Historic monument located in Heritage City, Andaman and Nicobar Islands.",https://upload.wikimedia.org/,https://sketchfab.com/
Indian Heritage Monument 152,Haryana,Ancient Site,,,"Historic monument located in Ancient Site, Haryana.",https://upload.wikimedia.org/,https://sketchfab.com/
Indian Heritage Monument 153,Delhi,Temple Town,,,"Historic monument located in Temple Town, Delhi.",https://upload.wikimedia.org/,https://sketchfab.com/
Indian Heritage Monument 154,Uttar Pradesh,Capital City,,,"Historic monument located in Capital City, Uttar Pradesh.",https://upload.wikimedia.org/,https://sketchfab.com/
Indian Heritage Monument 155,Sikkim,Ancient Site,,,"Historic monument located in Ancient Site, Sikkim.",https://upload.wikimedia.org/,https://sketchfab.com/
Indian Heritage Monument 156,Haryana,Capital City,,,"Historic monument located in Capital City, Haryana.",https://upload.wikimedia.org/,https://sketchfab.com/
Indian Heritage Monument 157,Uttarakhand,Fort City,,,"Historic monument located in Fort City, Uttarakhand.",https://upload.wikimedia.org/,https://sketchfab.com/
Indian Heritage Monument 158,Madhya Pradesh,Heritage City,,,"Historic monument located in Heritage City, Madhya Pradesh.",https://upload.wikimedia.org/,https://sketchfab.com/
Indian Heritage Monument 159,Tripura,Ancient Site,,,"Historic monument located in Ancient Site, Tripura.",https://upload.wikimedia.org/,https://sketchfab.com/
Indian Heritage Monument 160,Bihar,Capital City,,,"Historic monument located in Capital City, Bihar.",https://upload.wikimedia.org/,https://sketchfab.com/
Indian Heritage Monument 161,Maharashtra,Historic Town,,,"Historic monument located in Historic Town, Maharashtra.",https://upload.wikimedia.org/,https://sketchfab.com/
Indian Heritage Monument 162,Madhya Pradesh,Temple Town,,,"Historic monument located in Temple Town, Madhya Pradesh.",https://upload.wikimedia.org/,https://sketchfab.com/
Indian Heritage Monument 163,Karnataka,Capital City,,,"Historic monument located in Capital City, Karnataka.",https://upload.wikimedia.org/,https://sketchfab.com/
Indian Heritage Monument 164,Delhi,Fort City,,,"Historic monument located in Fort City, Delhi.",https://upload.wikimedia.org/,https://sketchfab.com/
Indian Heritage Monument 165,Haryana,Capital City,,,"Historic monument located in Capital City, Haryana.",https://upload.wikimedia.org/,https://sketchfab.com/
Indian Heritage Monument 166,Odisha,Historic Town,,,"Historic monument located in Historic Town, Odisha.",https://upload.wikimedia.org/,https://sketchfab.com/
Indian Heritage Monument 167,Telangana,Fort City,,,"Historic monument located in Fort City, Telangana.",https://upload.wikimedia.org/,https://sketchfab.com/
Indian Heritage Monument 168,Madhya Pradesh,Historic Town,,,"Historic monument located in Historic Town, Madhya Pradesh.",https://upload.wikimedia.org/,https://sketchfab.com/
Indian Heritage Monument 169,Bihar,Capital City,,,"Historic monument located in Capital City, Bihar.",https://upload.wikimedia.org/,https://sketchfab.com/
Indian Heritage Monument 170,Puducherry,Fort City,,,"Historic monument located in Fort City, Puducherry.",https://upload.wikimedia.org/,https://sketchfab.com/
Indian Heritage Monument 171,Nagaland,Heritage City,,,"Historic monument located in Heritage City, Nagaland.",https://upload.wikimedia.org/,https://sketchfab.com/
Indian Heritage Monument 172,Chhattisgarh,Fort City,,,"Historic monument located in Fort City, Chhattisgarh.",https://upload.wikimedia.org/,https://sketchfab.com/
Indian Heritage Monument 173,Goa,Ancient Site,,,"Historic monument located in Ancient Site, Goa.",https://upload.wikimedia.org/,https://sketchfab.com/
Indian Heritage Monument 174,Goa,Capital City,,,"Historic monument located in Capital City, Goa.",https://upload.wikimedia.org/,https://sketchfab.com/
Indian Heritage Monument 175,Chandigarh,Ancient Site,,,"Historic monument located in Ancient Site, Chandigarh.",https://upload.wikimedia.org/,https://sketchfab.com/
Indian Heritage Monument 176,Puducherry,Historic Town,,,"Historic monument located in Historic Town, Puducherry.",https://upload.wikimedia.org/,https://sketchfab.com/
Indian Heritage Monument 177,Ladakh,Historic Town,,,"Historic monument located in Historic Town, Ladakh.",https://upload.wikimedia.org/,https://sketchfab.com/
Indian Heritage Monument 178,Gujarat,Capital City,,,"Historic monument located in Capital City, Gujarat.",https://upload.wikimedia.org/,https://sketchfab.com/
Indian Heritage Monument 179,Delhi,Ancient Site,,,"Historic monument located in Ancient Site, Delhi.",https://upload.wikimedia.org/,https://sketchfab.com/
Indian Heritage Monument 180,Sikkim,Temple Town,,,"Historic monument located in Temple Town, Sikkim.",https://upload.wikimedia.org/,https://sketchfab.com/
Indian Heritage Monument 181,Karnataka,Historic Town,,,"Historic monument located in Historic Town, Karnataka.",https://upload.wikimedia.org/,https://sketchfab.com/
Indian Heritage Monument 182,Tamil Nadu,Fort City,,,"Historic monument located in Fort City, Tamil Nadu.",https://upload.wikimedia.org/,https://sketchfab.com/
Indian Heritage Monument 183,Gujarat,Fort City,,,"Historic monument located in Fort City, Gujarat.",https://upload.wikimedia.org/,https://sketchfab.com/
Indian Heritage Monument 184,Punjab,Capital City,,,"Historic monument located in Capital City, Punjab.",https://upload.wikimedia.org/,https://sketchfab.com/
Indian Heritage Monument 185,Bihar,Ancient Site,,,"Historic monument located in Ancient Site, Bihar.",https://upload.wikimedia.org/,https://sketchfab.com/
Indian Heritage Monument 186,Kerala,Ancient Site,,,"Historic monument located in Ancient Site, Kerala.",https://upload.wikimedia.org/,https://sketchfab.com/
Indian Heritage Monument 187,Puducherry,Temple Town,,,"Historic monument located in Temple Town, Puducherry.",https://upload.wikimedia.org/,https://sketchfab.com/
Indian Heritage Monument 188,Tripura,Historic Town,,,"Historic monument located in Historic Town, Tripura.",https://upload.wikimedia.org/,https://sketchfab.com/
Indian Heritage Monument 189,Goa,Capital City,,,"Historic monument located in Capital City, Goa.",https://upload.wikimedia.org/,https://sketchfab.com/
Indian Heritage Monument 190,Rajasthan,Heritage City,,,"Historic monument located in Heritage City, Rajasthan.",https://upload.wikimedia.org/,https://sketchfab.com/
Indian Heritage Monument 191,Madhya Pradesh,Temple Town,,,"Historic monument located in Temple Town, Madhya Pradesh.",https://upload.wikimedia.org/,https://sketchfab.com/
Indian Heritage Monument 192,Odisha,Heritage City,,,"Historic monument located in Heritage City, Odisha.",https://upload.wikimedia.org/,https://sketchfab.com/
Indian Heritage Monument 193,Sikkim,Heritage City,,,"Historic monument located in Heritage City, Sikkim.",https://upload.wikimedia.org/,https://sketchfab.com/
Indian Heritage Monument 194,Himachal Pradesh,Capital City,,,"Historic monument located in Capital City, Himachal Pradesh.",https://upload.wikimedia.org/,https://sketchfab.com/
Indian Heritage Monument 195,Kerala,Temple Town,,,"Historic monument located in Temple Town, Kerala.",https://upload.wikimedia.org/,https://sketchfab.com/
Indian Heritage Monument 196,Kerala,Temple Town,,,"Historic monument located in Temple Town, Kerala.",https://upload.wikimedia.org/,https://sketchfab.com/
Indian Heritage Monument 197,Manipur,Fort City,,,"Historic monument located in Fort City, Manipur.",https://upload.wikimedia.org/,https://sketchfab.com/
Indian Heritage Monument 198,Bihar,Ancient Site,,,"Historic monument located in Ancient Site, Bihar.",https://upload.wikimedia.org/,https://sketchfab.com/
Indian Heritage Monument 199,Sikkim,Ancient Site,,,"Historic monument located in Ancient Site, Sikkim.",https://upload.wikimedia.org/,https://sketchfab.com/
Indian Heritage Monument 200,Andhra Pradesh,Historic Town,,,"Historic monument located in Historic Town, Andhra Pradesh.",https://upload.wikimedia.org/,https://sketchfab.com/
Indian Heritage Monument 201,Andaman and Nicobar Islands,Historic Town,,,"Historic monument located in Historic Town, Andaman and Nicobar Islands.",https://upload.wikimedia.org/,https://sketchfab.com/
Indian Heritage Monument 202,Puducherry,Historic Town,,,"Historic monument located in Historic Town, Puducherry.",https://upload.wikimedia.org/,https://sketchfab.com/
Indian Heritage Monument 203,Chandigarh,Heritage City,,,"Historic monument located in Heritage City, Chandigarh.",https://upload.wikimedia.org/,https://sketchfab.com/
Indian Heritage Monument 204,Ladakh,Ancient Site,,,"Historic monument located in Ancient Site, Ladakh.",https://upload.wikimedia.org/,https://sketchfab.com/
Indian Heritage Monument 205,Telangana,Capital City,,,"Historic monument located in Capital City, Telangana.",https://upload.wikimedia.org/,https://sketchfab.com/
Indian Heritage Monument 206,Mizoram,Heritage City,,,"Historic monument located in Heritage City, Mizoram.",https://upload.wikimedia.org/,https://sketchfab.com/
Indian Heritage Monument 207,Delhi,Historic Town,,,"Historic monument located in Historic Town, Delhi.",https://upload.wikimedia.org/,https://sketchfab.com/
Indian Heritage Monument 208,Mizoram,Heritage City,,,"Historic monument located in Heritage City, Mizoram.",https://upload.wikimedia.org/,https://sketchfab.com/
Indian Heritage Monument 209,Himachal Pradesh,Ancient Site,,,"Historic monument located in Ancient Site, Himachal Pradesh.",https://upload.wikimedia.org/,https://sketchfab.com/
Indian Heritage Monument 210,Odisha,Capital City,,,"Historic monument located in Capital City, Odisha.",https://upload.wikimedia.org/,https://sketchfab.com/
Indian Heritage Monument 211,Jammu and Kashmir,Temple Town,,,"Historic monument located in Temple Town, Jammu and Kashmir.",https://upload.wikimedia.org/,https://sketchfab.com/
Indian Heritage Monument 212,Ladakh,Temple Town,,,"Historic monument located in Temple Town, Ladakh.",https://upload.wikimedia.org/,https://sketchfab.com/
Indian Heritage Monument 213,Mizoram,Historic Town,,,"Historic monument located in Historic Town, Mizoram.",https://upload.wikimedia.org/,https://sketchfab.com/
Indian Heritage Monument 214,Telangana,Ancient Site,,,"Historic monument located in Ancient Site, Telangana.",https://upload.wikimedia.org/,https://sketchfab.com/
Indian Heritage Monument 215,Goa,Heritage City,,,"Historic monument located in Heritage City, Goa.",https://upload.wikimedia.org/,https://sketchfab.com/
Indian Heritage Monument 216,Meghalaya,Fort City,,,"Historic monument located in Fort City, Meghalaya.",https://upload.wikimedia.org/,https://sketchfab.com/
Indian Heritage Monument 217,Himachal Pradesh,Ancient Site,,,"Historic monument located in Ancient Site, Himachal Pradesh.",https://upload.wikimedia.org/,https://sketchfab.com/
Indian Heritage Monument 218,Puducherry,Capital City,,,"Historic monument located in Capital City, Puducherry.",https://upload.wikimedia.org/,https://sketchfab.com/
Indian Heritage Monument 219,Maharashtra,Historic Town,,,"Historic monument located in Historic Town, Maharashtra.",https://upload.wikimedia.org/,https://sketchfab.com/
Indian Heritage Monument 220,Nagaland,Fort City,,,"Historic monument located in Fort City, Nagaland.",https://upload.wikimedia.org/,https://sketchfab.com/
Indian Heritage Monument 221,Chhattisgarh,Temple Town,,,"Historic monument located in Temple Town, Chhattisgarh.",https://upload.wikimedia.org/,https://sketchfab.com/
Indian Heritage Monument 222,Bihar,Ancient Site,,,"Historic monument located in Ancient Site, Bihar.",https://upload.wikimedia.org/,https://sketchfab.com/
Indian Heritage Monument 223,Manipur,Historic Town,,,"Historic monument located in Historic Town, Manipur.",https://upload.wikimedia.org/,https://sketchfab.com/
Indian Heritage Monument 224,Andhra Pradesh,Temple Town,,,"Historic monument located in Temple Town, Andhra Pradesh.",https://upload.wikimedia.org/,https://sketchfab.com/
Indian Heritage Monument 225,Mizoram,Capital City,,,"Historic monument located in Capital City, Mizoram.",https://upload.wikimedia.org/,https://sketchfab.com/
Indian Heritage Monument 226,Puducherry,Heritage City,,,"Historic monument located in Heritage City, Puducherry.",https://upload.wikimedia.org/,https://sketchfab.com/
Indian Heritage Monument 227,Telangana,Historic Town,,,"Historic monument located in Historic Town, Telangana.",https://upload.wikimedia.org/,https://sketchfab.com/
Indian Heritage Monument 228,Himachal Pradesh,Capital City,,,"Historic monument located in Capital City, Himachal Pradesh.",https://upload.wikimedia.org/,https://sketchfab.com/
Indian Heritage Monument 229,Nagaland,Ancient Site,,,"Historic monument located in Ancient Site, Nagaland.",https://upload.wikimedia.org/,https://sketchfab.com/
Indian Heritage Monument 230,Delhi,Temple Town,,,"Historic monument located in Temple Town, Delhi.",https://upload.wikimedia.org/,https://sketchfab.com/
Indian Heritage Monument 231,Arunachal Pradesh,Historic Town,,,"Historic monument located in Historic Town, Arunachal Pradesh.",https://upload.wikimedia.org/,https://sketchfab.com/
Indian Heritage Monument 232,Ladakh,Heritage City,,,"Historic monument located in Heritage City, Ladakh.",https://upload.wikimedia.org/,https://sketchfab.com/
Indian Heritage Monument 233,Puducherry,Heritage City,,,"Historic monument located in Heritage City, Puducherry.",https://upload.wikimedia.org/,https://sketchfab.com/
Indian Heritage Monument 234,Meghalaya,Capital City,,,"Historic monument located in Capital City, Meghalaya.",https://upload.wikimedia.org/,https://sketchfab.com/
Indian Heritage Monument 235,Andhra Pradesh,Capital City,,,"Historic monument located in Capital City, Andhra Pradesh.",https://upload.wikimedia.org/,https://sketchfab.com/
Indian Heritage Monument 236,Tripura,Ancient Site,,,"Historic monument located in Ancient Site, Tripura.",https://upload.wikimedia.org/,https://sketchfab.com/
Indian Heritage Monument 237,Dadra and Nagar Haveli and Daman and Diu,Historic Town,,,"Historic monument located in Historic Town, Dadra and Nagar Haveli and Daman and Diu.",https://upload.wikimedia.org/,https://sketchfab.com/
Indian Heritage Monument 238,Jammu and Kashmir,Historic Town,,,"Historic monument located in Historic Town, Jammu and Kashmir.",https://upload.wikimedia.org/,https://sketchfab.com/
Indian Heritage Monument 239,Delhi,Heritage City,,,"Historic monument located in Heritage City, Delhi.",https://upload.wikimedia.org/,https://sketchfab.com/
Indian Heritage Monument 240,Bihar,Temple Town,,,"Historic monument located in Temple Town, Bihar.",https://upload.wikimedia.org/,https://sketchfab.com/
Indian Heritage Monument 241,Mizoram,Temple Town,,,"Historic monument located in Temple Town, Mizoram.",https://upload.wikimedia.org/,https://sketchfab.com/
Indian Heritage Monument 242,Puducherry,Historic Town,,,"Historic monument located in Historic Town, Puducherry.",https://upload.wikimedia.org/,https://sketchfab.com/
Indian Heritage Monument 243,Chandigarh,Ancient Site,,,"Historic monument located in Ancient Site, Chandigarh.",https://upload.wikimedia.org/,https://sketchfab.com/
Indian Heritage Monument 244,Puducherry,Heritage City,,,"Historic monument located in Heritage City, Puducherry.",https://upload.wikimedia.org/,https://sketchfab.com/
Indian Heritage Monument 245,Lakshadweep,Ancient Site,,,"Historic monument located in Ancient Site, Lakshadweep.",https://upload.wikimedia.org/,https://sketchfab.com/
Indian Heritage Monument 246,Arunachal Pradesh,Capital City,,,"Historic monument located in Capital City, Arunachal Pradesh.",https://upload.wikimedia.org/,https://sketchfab.com/
Indian Heritage Monument 247,Nagaland,Heritage City,,,"Historic monument located in Heritage City, Nagaland.",https://upload.wikimedia.org/,https://sketchfab.com/
Indian Heritage Monument 248,Goa,Heritage City,,,"Historic monument located in Heritage City, Goa.",https://upload.wikimedia.org/,https://sketchfab.com/
Indian Heritage Monument 249,Manipur,Ancient Site,,,"Historic monument located in Ancient Site, Manipur.",https://upload.wikimedia.org/,https://sketchfab.com/
Indian Heritage Monument 250,Maharashtra,Capital City,,,"Historic monument located in Capital City, Maharashtra.",https://upload.wikimedia.org/,https://sketchfab.com/
Indian Heritage Monument 251,Andaman and Nicobar Islands,Capital City,,,"Historic monument located in Capital City, Andaman and Nicobar Islands.",https://upload.wikimedia.org/,https://sketchfab.com/
Indian Heritage Monument 252,Dadra and Nagar Haveli and Daman and Diu,Heritage City,,,"Historic monument located in Heritage City, Dadra and Nagar Haveli and Daman and Diu.",https://upload.wikimedia.org/,https://sketchfab.com/
Indian Heritage Monument 253,Meghalaya,Historic Town,,,"Historic monument located in Historic Town, Meghalaya.",https://upload.wikimedia.org/,https://sketchfab.com/
Indian Heritage Monument 254,Lakshadweep,Heritage City,,,"Historic monument located in Heritage City, Lakshadweep.",https://upload.wikimedia.org/,https://sketchfab.com/
Indian Heritage Monument 255,Rajasthan,Fort City,,,"Historic monument located in Fort City, Rajasthan.",https://upload.wikimedia.org/,https://sketchfab.com/
Indian Heritage Monument 256,Dadra and Nagar Haveli and Daman and Diu,Historic Town,,,"Historic monument located in Historic Town, Dadra and Nagar Haveli and Daman and Diu.",https://upload.wikimedia.org/,https://sketchfab.com/
Indian Heritage Monument 257,Punjab,Temple Town,,,"Historic monument located in Temple Town, Punjab.",https://upload.wikimedia.org/,https://sketchfab.com/
Indian Heritage Monument 258,Arunachal Pradesh,Capital City,,,"Historic monument located in Capital City, Arunachal Pradesh.",https://upload.wikimedia.org/,https://sketchfab.com/
Indian Heritage Monument 259,Haryana,Ancient Site,,,"Historic monument located in Ancient Site, Haryana.",https://upload.wikimedia.org/,https://sketchfab.com/
Indian Heritage Monument 260,Puducherry,Ancient Site,,,"Historic monument located in Ancient Site, Puducherry.",https://upload.wikimedia.org/,https://sketchfab.com/
Indian Heritage Monument 261,Ladakh,Temple Town,,,"Historic monument located in Temple Town, Ladakh.",https://upload.wikimedia.org/,https://sketchfab.com/
Indian Heritage Monument 262,Chhattisgarh,Ancient Site,,,"Historic monument located in Ancient Site, Chhattisgarh.",https://upload.wikimedia.org/,https://sketchfab.com/
Indian Heritage Monument 263,Uttarakhand,Historic Town,,,"Historic monument located in Historic Town, Uttarakhand.",https://upload.wikimedia.org/,https://sketchfab.com/
Indian Heritage Monument 264,Punjab,Heritage City,,,"Historic monument located in Heritage City, Punjab.",https://upload.wikimedia.org/,https://sketchfab.com/
Indian Heritage Monument 265,Gujarat,Fort City,,,"Historic monument located in Fort City, Gujarat.",https://upload.wikimedia.org/,https://sketchfab.com/
Indian Heritage Monument 266,Madhya Pradesh,Fort City,,,"Historic monument located in Fort City, Madhya Pradesh.",https://upload.wikimedia.org/,https://sketchfab.com/
Indian Heritage Monument 267,Lakshadweep,Heritage City,,,"Historic monument located in Heritage City, Lakshadweep.",https://upload.wikimedia.org/,https://sketchfab.com/
Indian Heritage Monument 268,Andhra Pradesh,Historic Town,,,"Historic monument located in Historic Town, Andhra Pradesh.",https://upload.wikimedia.org/,https://sketchfab.com/
Indian Heritage Monument 269,Ladakh,Fort City,,,"Historic monument located in Fort City, Ladakh.",https://upload.wikimedia.org/,https://sketchfab.com/
Indian Heritage Monument 270,Punjab,Historic Town,,,"Historic monument located in Historic Town, Punjab.",https://upload.wikimedia.org/,https://sketchfab.com/
Indian Heritage Monument 271,Assam,Capital City,,,"Historic monument located in Capital City, Assam.",https://upload.wikimedia.org/,https://sketchfab.com/
Indian Heritage Monument 272,Puducherry,Capital City,,,"Historic monument located in Capital City, Puducherry.",https://upload.wikimedia.org/,https://sketchfab.com/
Indian Heritage Monument 273,Goa,Fort City,,,"Historic monument located in Fort City, Goa.",https://upload.wikimedia.org/,https://sketchfab.com/
Indian Heritage Monument 274,Goa,Heritage City,,,"Historic monument located in Heritage City, Goa.",https://upload.wikimedia.org/,https://sketchfab.com/
Indian Heritage Monument 275,Sikkim,Historic Town,,,"Historic monument located in Historic Town, Sikkim.",https://upload.wikimedia.org/,https://sketchfab.com/
Indian Heritage Monument 276,Meghalaya,Historic Town,,,"Historic monument located in Historic Town, Meghalaya.",https://upload.wikimedia.org/,https://sketchfab.com/
Indian Heritage Monument 277,Lakshadweep,Historic Town,,,"Historic monument located in Historic Town, Lakshadweep.",https://upload.wikimedia.org/,https://sketchfab.com/
Indian Heritage Monument 278,Punjab,Fort City,,,"Historic monument located in Fort City, Punjab.",https://upload.wikimedia.org/,https://sketchfab.com/
Indian Heritage Monument 279,Himachal Pradesh,Temple Town,,,"Historic monument located in Temple Town, Himachal Pradesh.",https://upload.wikimedia.org/,https://sketchfab.com/
Indian Heritage Monument 280,Delhi,Heritage City,,,"Historic monument located in Heritage City, Delhi.",https://upload.wikimedia.org/,https://sketchfab.com/
Indian Heritage Monument 281,Chandigarh,Capital City,,,"Historic monument located in Capital City, Chandigarh.",https://upload.wikimedia.org/,https://sketchfab.com/
Indian Heritage Monument 282,Uttar Pradesh,Fort City,,,"Historic monument located in Fort City, Uttar Pradesh.",https://upload.wikimedia.org/,https://sketchfab.com/
Indian Heritage Monument 283,Meghalaya,Temple Town,,,"Historic monument located in Temple Town, Meghalaya.",https://upload.wikimedia.org/,https://sketchfab.com/
Indian Heritage Monument 284,Mizoram,Capital City,,,"Historic monument located in Capital City, Mizoram.",https://upload.wikimedia.org/,https://sketchfab.com/
Indian Heritage Monument 285,Bihar,Historic Town,,,"Historic monument located in Historic Town, Bihar.",https://upload.wikimedia.org/,https://sketchfab.com/
Indian Heritage Monument 286,Puducherry,Temple Town,,,"Historic monument located in Temple Town, Puducherry.",https://upload.wikimedia.org/,https://sketchfab.com/
Indian Heritage Monument 287,Jharkhand,Capital City,,,"Historic monument located in Capital City, Jharkhand.",https://upload.wikimedia.org/,https://sketchfab.com/
Indian Heritage Monument 288,Chhattisgarh,Temple Town,,,"Historic monument located in Temple Town, Chhattisgarh.",https://upload.wikimedia.org/,https://sketchfab.com/
Indian Heritage Monument 289,Chhattisgarh,Heritage City,,,"Historic monument located in Heritage City, Chhattisgarh.",https://upload.wikimedia.org/,https://sketchfab.com/
Indian Heritage Monument 290,Rajasthan,Temple Town,,,"Historic monument located in Temple Town, Rajasthan.",https://upload.wikimedia.org/,https://sketchfab.com/
Indian Heritage Monument 291,West Bengal,Capital City,,,"Historic monument located in Capital City, West Bengal.",https://upload.wikimedia.org/,https://sketchfab.com/
Indian Heritage Monument 292,Dadra and Nagar Haveli and Daman and Diu,Temple Town,,,"Historic monument located in Temple Town, Dadra and Nagar Haveli and Daman and Diu.",https://upload.wikimedia.org/,https://sketchfab.com/
Indian Heritage Monument 293,Andhra Pradesh,Historic Town,,,"Historic monument located in Historic Town, Andhra Pradesh.",https://upload.wikimedia.org/,https://sketchfab.com/
Indian Heritage Monument 294,Jharkhand,Heritage City,,,"Historic monument located in Heritage City, Jharkhand.",https://upload.wikimedia.org/,https://sketchfab.com/
Indian Heritage Monument 295,Haryana,Historic Town,,,"Historic monument located in Historic Town, Haryana.",https://upload.wikimedia.org/,https://sketchfab.com/
Indian Heritage Monument 296,Himachal Pradesh,Capital City,,,"Historic monument located in Capital City, Himachal Pradesh.",https://upload.wikimedia.org/,https://sketchfab.com/
Indian Heritage Monument 297,West Bengal,Historic Town,,,"Historic monument located in Historic Town, West Bengal.",https://upload.wikimedia.org/,https://sketchfab.com/
Indian Heritage Monument 298,Gujarat,Heritage City,,,"Historic monument located in Heritage City, Gujarat.",https://upload.wikimedia.org/,https://sketchfab.com/
Indian Heritage Monument 299,Arunachal Pradesh,Fort City,,,"Historic monument located in Fort City, Arunachal Pradesh.",https://upload.wikimedia.org/,https://sketchfab.com/
Indian Heritage Monument 300,Assam,Heritage City,,,"Historic monument located in Heritage City, Assam.",https://upload.wikimedia.org/,https://sketchfab.com/
Indian Heritage Monument 301,Ladakh,Fort City,,,"Historic monument located in Fort City, Ladakh.",https://upload.wikimedia.org/,https://sketchfab.com/
Indian Heritage Monument 302,Uttar Pradesh,Fort City,,,"Historic monument located in Fort City, Uttar Pradesh.",https://upload.wikimedia.org/,https://sketchfab.com/
Indian Heritage Monument 303,Meghalaya,Heritage City,,,"Historic monument located in Heritage City, Meghalaya.",https://upload.wikimedia.org/,https://sketchfab.com/
Indian Heritage Monument 304,Tamil Nadu,Heritage City,,,"Historic monument located in Heritage City, Tamil Nadu.",https://upload.wikimedia.org/,https://sketchfab.com/
Indian Heritage Monument 305,Puducherry,Ancient Site,,,"Historic monument located in Ancient Site, Puducherry.",https://upload.wikimedia.org/,https://sketchfab.com/
Indian Heritage Monument 306,Jharkhand,Ancient Site,,,"Historic monument located in Ancient Site, Jharkhand.",https://upload.wikimedia.org/,https://sketchfab.com/
Indian Heritage Monument 307,Maharashtra,Temple Town,,,"Historic monument located in Temple Town, Maharashtra.",https://upload.wikimedia.org/,https://sketchfab.com/
Indian Heritage Monument 308,Uttar Pradesh,Historic Town,,,"Historic monument located in Historic Town, Uttar Pradesh.",https://upload.wikimedia.org/,https://sketchfab.com/
Indian Heritage Monument 309,Kerala,Temple Town,,,"Historic monument located in Temple Town, Kerala.",https://upload.wikimedia.org/,https://sketchfab.com/
Indian Heritage Monument 310,Dadra and Nagar Haveli and Daman and Diu,Heritage City,,,"Historic monument located in Heritage City, Dadra and Nagar Haveli and Daman and Diu.",https://upload.wikimedia.org/,https://sketchfab.com/
Indian Heritage Monument 311,Telangana,Ancient Site,,,"Historic monument located in Ancient Site, Telangana.",https://upload.wikimedia.org/,https://sketchfab.com/
Indian Heritage Monument 312,Maharashtra,Historic Town,,,"Historic monument located in Historic Town, Maharashtra.",https://upload.wikimedia.org/,https://sketchfab.com/
Indian Heritage Monument 313,Punjab,Historic Town,,,"Historic monument located in Historic Town, Punjab.",https://upload.wikimedia.org/,https://sketchfab.com/
Indian Heritage Monument 314,Andaman and Nicobar Islands,Fort City,,,"Historic monument located in Fort City, Andaman and Nicobar Islands.",https://upload.wikimedia.org/,https://sketchfab.com/
Indian Heritage Monument 315,Dadra and Nagar Haveli and Daman and Diu,Ancient Site,,,"Historic monument located in Ancient Site, Dadra and Nagar Haveli and Daman and Diu.",https://upload.wikimedia.org/,https://sketchfab.com/
Indian Heritage Monument 316,Arunachal Pradesh,Heritage City,,,"Historic monument located in Heritage City, Arunachal Pradesh.",https://upload.wikimedia.org/,https://sketchfab.com/
Indian Heritage Monument 317,Telangana,Capital City,,,"Historic monument located in Capital City, Telangana.",https://upload.wikimedia.org/,https://sketchfab.com/
Indian Heritage Monument 318,Gujarat,Temple Town,,,"Historic monument located in Temple Town, Gujarat.",https://upload.wikimedia.org/,https://sketchfab.com/
Indian Heritage Monument 319,Sikkim,Temple Town,,,"Historic monument located in Temple Town, Sikkim.",https://upload.wikimedia.org/,https://sketchfab.com/
Indian Heritage Monument 320,Odisha,Ancient Site,,,"Historic monument located in Ancient Site, Odisha.",https://upload.wikimedia.org/,https://sketchfab.com/
Indian Heritage Monument 321,Dadra and Nagar Haveli and Daman and Diu,Historic Town,,,"Historic monument located in Historic Town, Dadra and Nagar Haveli and Daman and Diu.",https://upload.wikimedia.org/,https://sketchfab.com/
Indian Heritage Monument 322,Uttarakhand,Ancient Site,,,"Historic monument located in Ancient Site, Uttarakhand.",https://upload.wikimedia.org/,https://sketchfab.com/
Indian Heritage Monument 323,Mizoram,Historic Town,,,"Historic monument located in Historic Town, Mizoram.",https://upload.wikimedia.org/,https://sketchfab.com/
Indian Heritage Monument 324,Mizoram,Ancient Site,,,"Historic monument located in Ancient Site, Mizoram.",https://upload.wikimedia.org/,https://sketchfab.com/
Indian Heritage Monument 325,Maharashtra,Ancient Site,,,"Historic monument located in Ancient Site, Maharashtra.",https://upload.wikimedia.org/,https://sketchfab.com/
Indian Heritage Monument 326,Uttarakhand,Heritage City,,,"Historic monument located in Heritage City, Uttarakhand.",https://upload.wikimedia.org/,https://sketchfab.com/
Indian Heritage Monument 327,Rajasthan,Heritage City,,,"Historic monument located in Heritage City, Rajasthan.",https://upload.wikimedia.org/,https://sketchfab.com/
Indian Heritage Monument 328,Ladakh,Temple Town,,,"Historic monument located in Temple Town, Ladakh.",https://upload.wikimedia.org/,https://sketchfab.com/
Indian Heritage Monument 329,Tamil Nadu,Historic Town,,,"Historic monument located in Historic Town, Tamil Nadu.",https://upload.wikimedia.org/,https://sketchfab.com/
Indian Heritage Monument 330,Andaman and Nicobar Islands,Temple Town,,,"Historic monument located in Temple Town, Andaman and Nicobar Islands.",https://upload.wikimedia.org/,https://sketchfab.com/
Indian Heritage Monument 331,Manipur,Temple Town,,,"Historic monument located in Temple Town, Manipur.",https://upload.wikimedia.org/,https://sketchfab.com/
Indian Heritage Monument 332,Delhi,Fort City,,,"Historic monument located in Fort City, Delhi.",https://upload.wikimedia.org/,https://sketchfab.com/
Indian Heritage Monument 333,Jharkhand,Fort City,,,"Historic monument located in Fort City, Jharkhand.",https://upload.wikimedia.org/,https://sketchfab.com/
Indian Heritage Monument 334,Delhi,Fort City,,,"Historic monument located in Fort City, Delhi.",https://upload.wikimedia.org/,https://sketchfab.com/
Indian Heritage Monument 335,Himachal Pradesh,Historic Town,,,"Historic monument located in Historic Town, Himachal Pradesh.",https://upload.wikimedia.org/,https://sketchfab.com/
Indian Heritage Monument 336,Telangana,Historic Town,,,"Historic monument located in Historic Town, Telangana.",https://upload.wikimedia.org/,https://sketchfab.com/
Indian Heritage Monument 337,Karnataka,Heritage City,,,"Historic monument located in Heritage City, Karnataka.",https://upload.wikimedia.org/,https://sketchfab.com/
Indian Heritage Monument 338,Gujarat,Heritage City,,,"Historic monument located in Heritage City, Gujarat.",https://upload.wikimedia.org/,https://sketchfab.com/
Indian Heritage Monument 339,Maharashtra,Ancient Site,,,"Historic monument located in Ancient Site, Maharashtra.",https://upload.wikimedia.org/,https://sketchfab.com/
Indian Heritage Monument 340,Ladakh,Temple Town,,,"Historic monument located in Temple Town, Ladakh.",https://upload.wikimedia.org/,https://sketchfab.com/
Indian Heritage Monument 341,Lakshadweep,Temple Town,,,"Historic monument located in Temple Town, Lakshadweep.",https://upload.wikimedia.org/,https://sketchfab.com/
Indian Heritage Monument 342,Kerala,Capital City,,,"Historic monument located in Capital City, Kerala.",https://upload.wikimedia.org/,https://sketchfab.com/
Indian Heritage Monument 343,Maharashtra,Capital City,,,"Historic monument located in Capital City, Maharashtra.",https://upload.wikimedia.org/,https://sketchfab.com/
Indian Heritage Monument 344,Sikkim,Fort City,,,"Historic monument located in Fort City, Sikkim.",https://upload.wikimedia.org/,https://sketchfab.com/
Indian Heritage Monument 345,Chhattisgarh,Temple Town,,,"Historic monument located in Temple Town, Chhattisgarh.",https://upload.wikimedia.org/,https://sketchfab.com/
Indian Heritage Monument 346,Maharashtra,Temple Town,,,"Historic monument located in Temple Town, Maharashtra.",https://upload.wikimedia.org/,https://sketchfab.com/
Indian Heritage Monument 347,Delhi,Heritage City,,,"Historic monument located in Heritage City, Delhi.",https://upload.wikimedia.org/,https://sketchfab.com/
Indian Heritage Monument 348,Bihar,Ancient Site,,,"Historic monument located in Ancient Site, Bihar.",https://upload.wikimedia.org/,https://sketchfab.com/
Indian Heritage Monument 349,Meghalaya,Temple Town,,,"Historic monument located in Temple Town, Meghalaya.",https://upload.wikimedia.org/,https://sketchfab.com/
Indian Heritage Monument 350,Punjab,Ancient Site,,,"Historic monument located in Ancient Site, Punjab.",https://upload.wikimedia.org/,https://sketchfab.com/
Indian Heritage Monument 351,Puducherry,Historic Town,,,"Historic monument located in Historic Town, Puducherry.",https://upload.wikimedia.org/,https://sketchfab.com/
Indian Heritage Monument 352,Tripura,Capital City,,,"Historic monument located in Capital City, Tripura.",https://upload.wikimedia.org/,https://sketchfab.com/
Indian Heritage Monument 353,Karnataka,Fort City,,,"Historic monument located in Fort City, Karnataka.",https://upload.wikimedia.org/,https://sketchfab.com/
Indian Heritage Monument 354,Lakshadweep,Temple Town,,,"Historic monument located in Temple Town, Lakshadweep.",https://upload.wikimedia.org/,https://sketchfab.com/
Indian Heritage Monument 355,Odisha,Temple Town,,,"Historic monument located in Temple Town, Odisha.",https://upload.wikimedia.org/,https://sketchfab.com/
Indian Heritage Monument 356,Andaman and Nicobar Islands,Capital City,,,"Historic monument located in Capital City, Andaman and Nicobar Islands.",https://upload.wikimedia.org/,https://sketchfab.com/
Indian Heritage Monument 357,Puducherry,Temple Town,,,"Historic monument located in Temple Town, Puducherry.",https://upload.wikimedia.org/,https://sketchfab.com/
Indian Heritage Monument 358,Kerala,Ancient Site,,,"Historic monument located in Ancient Site, Kerala.",https://upload.wikimedia.org/,https://sketchfab.com/
Indian Heritage Monument 359,Goa,Ancient Site,,,"Historic monument located in Ancient Site, Goa.",https://upload.wikimedia.org/,https://sketchfab.com/
Indian Heritage Monument 360,Uttarakhand,Fort City,,,"Historic monument located in Fort City, Uttarakhand.",https://upload.wikimedia.org/,https://sketchfab.com/
Indian Heritage Monument 361,Tamil Nadu,Temple Town,,,"Historic monument located in Temple Town, Tamil Nadu.",https://upload.wikimedia.org/,https://sketchfab.com/
Indian Heritage Monument 362,Uttar Pradesh,Heritage City,,,"Historic monument located in Heritage City, Uttar Pradesh.",https://upload.wikimedia.org/,https://sketchfab.com/
Indian Heritage Monument 363,Uttar Pradesh,Ancient Site,,,"Historic monument located in Ancient Site, Uttar Pradesh.",https://upload.wikimedia.org/,https://sketchfab.com/
Indian Heritage Monument 364,Gujarat,Heritage City,,,"Historic monument located in Heritage City, Gujarat.",https://upload.wikimedia.org/,https://sketchfab.com/
Indian Heritage Monument 365,Manipur,Temple Town,,,"Historic monument located in Temple Town, Manipur.",https://upload.wikimedia.org/,https://sketchfab.com/
Indian Heritage Monument 366,Goa,Historic Town,,,"Historic monument located in Historic Town, Goa.",https://upload.wikimedia.org/,https://sketchfab.com/
Indian Heritage Monument 367,Karnataka,Historic Town,,,"Historic monument located in Historic Town, Karnataka.",https://upload.wikimedia.org/,https://sketchfab.com/
Indian Heritage Monument 368,Jammu and Kashmir,Capital City,,,"Historic monument located in Capital City, Jammu and Kashmir.",https://upload.wikimedia.org/,https://sketchfab.com/
Indian Heritage Monument 369,Manipur,Ancient Site,,,"Historic monument located in Ancient Site, Manipur.",https://upload.wikimedia.org/,https://sketchfab.com/
Indian Heritage Monument 370,Madhya Pradesh,Ancient Site,,,"Historic monument located in Ancient Site, Madhya Pradesh.",https://upload.wikimedia.org/,https://sketchfab.com/
Indian Heritage Monument 371,Kerala,Historic Town,,,"Historic monument located in Historic Town, Kerala.",https://upload.wikimedia.org/,https://sketchfab.com/
Indian Heritage Monument 372,Gujarat,Temple Town,,,"Historic monument located in Temple Town, Gujarat.",https://upload.wikimedia.org/,https://sketchfab.com/
Indian Heritage Monument 373,Jharkhand,Fort City,,,"Historic monument located in Fort City, Jharkhand.",https://upload.wikimedia.org/,https://sketchfab.com/
Indian Heritage Monument 374,Maharashtra,Heritage City,,,"Historic monument located in Heritage City, Maharashtra.",https://upload.wikimedia.org/,https://sketchfab.com/
Indian Heritage Monument 375,Madhya Pradesh,Heritage City,,,"Historic monument located in Heritage City, Madhya Pradesh.",https://upload.wikimedia.org/,https://sketchfab.com/
Indian Heritage Monument 376,Jharkhand,Temple Town,,,"Historic monument located in Temple Town, Jharkhand.",https://upload.wikimedia.org/,https://sketchfab.com/
Indian Heritage Monument 377,Punjab,Fort City,,,"Historic monument located in Fort City, Punjab.",https://upload.wikimedia.org/,https://sketchfab.com/
Indian Heritage Monument 378,Chandigarh,Fort City,,,"Historic monument located in Fort City, Chandigarh.",https://upload.wikimedia.org/,https://sketchfab.com/
Indian Heritage Monument 379,Meghalaya,Heritage City,,,"Historic monument located in Heritage City, Meghalaya.",https://upload.wikimedia.org/,https://sketchfab.com/
Indian Heritage Monument 380,Uttarakhand,Temple Town,,,"Historic monument located in Temple Town, Uttarakhand.",https://upload.wikimedia.org/,https://sketchfab.com/
Indian Heritage Monument 381,West Bengal,Fort City,,,"Historic monument located in Fort City, West Bengal.",https://upload.wikimedia.org/,https://sketchfab.com/
Indian Heritage Monument 382,Goa,Historic Town,,,"Historic monument located in Historic Town, Goa.",https://upload.wikimedia.org/,https://sketchfab.com/
Indian Heritage Monument 383,Chandigarh,Capital City,,,"Historic monument located in Capital City, Chandigarh.",https://upload.wikimedia.org/,https://sketchfab.com/
Indian Heritage Monument 384,Odisha,Capital City,,,"Historic monument located in Capital City, Odisha.",https://upload.wikimedia.org/,https://sketchfab.com/
Indian Heritage Monument 385,Nagaland,Capital City,,,"Historic monument located in Capital City, Nagaland.",https://upload.wikimedia.org/,https://sketchfab.com/
Indian Heritage Monument 386,Andaman and Nicobar Islands,Fort City,,,"Historic monument located in Fort City, Andaman and Nicobar Islands.",https://upload.wikimedia.org/,https://sketchfab.com/
Indian Heritage Monument 387,Goa,Historic Town,,,"Historic monument located in Historic Town, Goa.",https://upload.wikimedia.org/,https://sketchfab.com/
Indian Heritage Monument 388,Chandigarh,Temple Town,,,"Historic monument located in Temple Town, Chandigarh.",https://upload.wikimedia.org/,https://sketchfab.com/
Indian Heritage Monument 389,Ladakh,Ancient Site,,,"Historic monument located in Ancient Site, Ladakh.",https://upload.wikimedia.org/,https://sketchfab.com/
Indian Heritage Monument 390,Lakshadweep,Fort City,,,"Historic monument located in Fort City, Lakshadweep.",https://upload.wikimedia.org/,https://sketchfab.com/
Indian Heritage Monument 391,Andhra Pradesh,Temple Town,,,"Historic monument located in Temple Town, Andhra Pradesh.",https://upload.wikimedia.org/,https://sketchfab.com/
Indian Heritage Monument 392,Meghalaya,Temple Town,,,"Historic monument located in Temple Town, Meghalaya.",https://upload.wikimedia.org/,https://sketchfab.com/
Indian Heritage Monument 393,Odisha,Temple Town,,,"Historic monument located in Temple Town, Odisha.",https://upload.wikimedia.org/,https://sketchfab.com/
Indian Heritage Monument 394,Jammu and Kashmir,Heritage City,,,"Historic monument located in Heritage City, Jammu and Kashmir.",https://upload.wikimedia.org/,https://sketchfab.com/
Indian Heritage Monument 395,Uttar Pradesh,Fort City,,,"Historic monument located in Fort City, Uttar Pradesh.",https://upload.wikimedia.org/,https://sketchfab.com/
Indian Heritage Monument 396,Karnataka,Ancient Site,,,"Historic monument located in Ancient Site, Karnataka.",https://upload.wikimedia.org/,https://sketchfab.com/
Indian Heritage Monument 397,Maharashtra,Temple Town,,,"Historic monument located in Temple Town, Maharashtra.",https://upload.wikimedia.org/,https://sketchfab.com/
Indian Heritage Monument 398,Nagaland,Ancient Site,,,"Historic monument located in Ancient Site, Nagaland.",https://upload.wikimedia.org/,https://sketchfab.com/
Indian Heritage Monument 399,Karnataka,Historic Town,,,"Historic monument located in Historic Town, Karnataka.",https://upload.wikimedia.org/,https://sketchfab.com/
Indian Heritage Monument 400,Uttar Pradesh,Heritage City,,,"Historic monument located in Heritage City, Uttar Pradesh.",https://upload.wikimedia.org/,https://sketchfab.com/
Indian Heritage Monument 401,Nagaland,Capital City,,,"Historic monument located in Capital City, Nagaland.",https://upload.wikimedia.org/,https://sketchfab.com/
Indian Heritage Monument 402,Maharashtra,Fort City,,,"Historic monument located in Fort City, Maharashtra.",https://upload.wikimedia.org/,https://sketchfab.com/
Indian Heritage Monument 403,Andaman and Nicobar Islands,Ancient Site,,,"Historic monument located in Ancient Site, Andaman and Nicobar Islands.",https://upload.wikimedia.org/,https://sketchfab.com/
Indian Heritage Monument 404,Sikkim,Heritage City,,,"Historic monument located in Heritage City, Sikkim.",https://upload.wikimedia.org/,https://sketchfab.com/
Indian Heritage Monument 405,Madhya Pradesh,Historic Town,,,"Historic monument located in Historic Town, Madhya Pradesh.",https://upload.wikimedia.org/,https://sketchfab.com/
Indian Heritage Monument 406,Rajasthan,Temple Town,,,"Historic monument located in Temple Town, Rajasthan.",https://upload.wikimedia.org/,https://sketchfab.com/
Indian Heritage Monument 407,Uttarakhand,Historic Town,,,"Historic monument located in Historic Town, Uttarakhand.",https://upload.wikimedia.org/,https://sketchfab.com/
Indian Heritage Monument 408,Telangana,Heritage City,,,"Historic monument located in Heritage City, Telangana.",https://upload.wikimedia.org/,https://sketchfab.com/
Indian Heritage Monument 409,Sikkim,Historic Town,,,"Historic monument located in Historic Town, Sikkim.",https://upload.wikimedia.org/,https://sketchfab.com/
Indian Heritage Monument 410,Rajasthan,Temple Town,,,"Historic monument located in Temple Town, Rajasthan.",https://upload.wikimedia.org/,https://sketchfab.com/
Indian Heritage Monument 411,Dadra and Nagar Haveli and Daman and Diu,Temple Town,,,"Historic monument located in Temple Town, Dadra and Nagar Haveli and Daman and Diu.",https://upload.wikimedia.org/,https://sketchfab.com/
Indian Heritage Monument 412,Mizoram,Ancient Site,,,"Historic monument located in Ancient Site, Mizoram.",https://upload.wikimedia.org/,https://sketchfab.com/
Indian Heritage Monument 413,Puducherry,Ancient Site,,,"Historic monument located in Ancient Site, Puducherry.",https://upload.wikimedia.org/,https://sketchfab.com/
Indian Heritage Monument 414,Tripura,Ancient Site,,,"Historic monument located in Ancient Site, Tripura.",https://upload.wikimedia.org/,https://sketchfab.com/
Indian Heritage Monument 415,Chandigarh,Historic Town,,,"Historic monument located in Historic Town, Chandigarh.",https://upload.wikimedia.org/,https://sketchfab.com/
Indian Heritage Monument 416,Andaman and Nicobar Islands,Fort City,,,"Historic monument located in Fort City, Andaman and Nicobar Islands.",https://upload.wikimedia.org/,https://sketchfab.com/
Indian Heritage Monument 417,Tripura,Heritage City,,,"Historic monument located in Heritage City, Tripura.",https://upload.wikimedia.org/,https://sketchfab.com/
Indian Heritage Monument 418,Uttar Pradesh,Temple Town,,,"Historic monument located in Temple Town, Uttar Pradesh.",https://upload.wikimedia.org/,https://sketchfab.com/
Indian Heritage Monument 419,Karnataka,Heritage City,,,"Historic monument located in Heritage City, Karnataka.",https://upload.wikimedia.org/,https://sketchfab.com/
Indian Heritage Monument 420,Kerala,Heritage City,,,"Historic monument located in Heritage City, Kerala.",https://upload.wikimedia.org/,https://sketchfab.com/
Indian Heritage Monument 421,Delhi,Capital City,,,"Historic monument located in Capital City, Delhi.",https://upload.wikimedia.org/,https://sketchfab.com/
Indian Heritage Monument 422,Jharkhand,Capital City,,,"Historic monument located in Capital City, Jharkhand.",https://upload.wikimedia.org/,https://sketchfab.com/
Indian Heritage Monument 423,Meghalaya,Ancient Site,,,"Historic monument located in Ancient Site, Meghalaya.",https://upload.wikimedia.org/,https://sketchfab.com/
Indian Heritage Monument 424,Gujarat,Fort City,,,"Historic monument located in Fort City, Gujarat.",https://upload.wikimedia.org/,https://sketchfab.com/
Indian Heritage Monument 425,Puducherry,Ancient Site,,,"Historic monument located in Ancient Site, Puducherry.",https://upload.wikimedia.org/,https://sketchfab.com/
Indian Heritage Monument 426,Puducherry,Capital City,,,"Historic monument located in Capital City, Puducherry.",https://upload.wikimedia.org/,https://sketchfab.com/
Indian Heritage Monument 427,Madhya Pradesh,Historic Town,,,"Historic monument located in Historic Town, Madhya Pradesh.",https://upload.wikimedia.org/,https://sketchfab.com/
Indian Heritage Monument 428,Goa,Ancient Site,,,"Historic monument located in Ancient Site, Goa.",https://upload.wikimedia.org/,https://sketchfab.com/
Indian Heritage Monument 429,Meghalaya,Capital City,,,"Historic monument located in Capital City, Meghalaya.",https://upload.wikimedia.org/,https://sketchfab.com/
Indian Heritage Monument 430,Assam,Ancient Site,,,"Historic monument located in Ancient Site, Assam.",https://upload.wikimedia.org/,https://sketchfab.com/
Indian Heritage Monument 431,Haryana,Heritage City,,,"Historic monument located in Heritage City, Haryana.",https://upload.wikimedia.org/,https://sketchfab.com/
Indian Heritage Monument 432,Assam,Heritage City,,,"Historic monument located in Heritage City, Assam.",https://upload.wikimedia.org/,https://sketchfab.com/
Indian Heritage Monument 433,Kerala,Fort City,,,"Historic monument located in Fort City, Kerala.",https://upload.wikimedia.org/,https://sketchfab.com/
Indian Heritage Monument 434,West Bengal,Ancient Site,,,"Historic monument located in Ancient Site, West Bengal.",https://upload.wikimedia.org/,https://sketchfab.com/
Indian Heritage Monument 435,Puducherry,Historic Town,,,"Historic monument located in Historic Town, Puducherry.",https://upload.wikimedia.org/,https://sketchfab.com/
Indian Heritage Monument 436,Goa,Heritage City,,,"Historic monument located in Heritage City, Goa.",https://upload.wikimedia.org/,https://sketchfab.com/
Indian Heritage Monument 437,Arunachal Pradesh,Heritage City,,,"Historic monument located in Heritage City, Arunachal Pradesh.",https://upload.wikimedia.org/,https://sketchfab.com/
Indian Heritage Monument 438,Telangana,Heritage City,,,"Historic monument located in Heritage City, Telangana.",https://upload.wikimedia.org/,https://sketchfab.com/
Indian Heritage Monument 439,Mizoram,Heritage City,,,"Historic monument located in Heritage City, Mizoram.",https://upload.wikimedia.org/,https://sketchfab.com/
Indian Heritage Monument 440,Chhattisgarh,Fort City,,,"Historic monument located in Fort City, Chhattisgarh.",https://upload.wikimedia.org/,https://sketchfab.com/
Indian Heritage Monument 441,Assam,Temple Town,,,"Historic monument located in Temple Town, Assam.",https://upload.wikimedia.org/,https://sketchfab.com/
Indian Heritage Monument 442,Meghalaya,Temple Town,,,"Historic monument located in Temple Town, Meghalaya.",https://upload.wikimedia.org/,https://sketchfab.com/
Indian Heritage Monument 443,Jammu and Kashmir,Historic Town,,,"Historic monument located in Historic Town, Jammu and Kashmir.",https://upload.wikimedia.org/,https://sketchfab.com/
Indian Heritage Monument 444,Delhi,Heritage City,,,"Historic monument located in Heritage City, Delhi.",https://upload.wikimedia.org/,https://sketchfab.com/
Indian Heritage Monument 445,Delhi,Fort City,,,"Historic monument located in Fort City, Delhi.",https://upload.wikimedia.org/,https://sketchfab.com/
Indian Heritage Monument 446,Odisha,Temple Town,,,"Historic monument located in Temple Town, Odisha.",https://upload.wikimedia.org/,https://sketchfab.com/
Indian Heritage Monument 447,Jammu and Kashmir,Historic Town,,,"Historic monument located in Historic Town, Jammu and Kashmir.",https://upload.wikimedia.org/,https://sketchfab.com/
Indian Heritage Monument 448,Karnataka,Heritage City,,,"Historic monument located in Heritage City, Karnataka.",https://upload.wikimedia.org/,https://sketchfab.com/
Indian Heritage Monument 449,Arunachal Pradesh,Capital City,,,"Historic monument located in Capital City, Arunachal Pradesh.",https://upload.wikimedia.org/,https://sketchfab.com/
Indian Heritage Monument 450,Rajasthan,Historic Town,,,"Historic monument located in Historic Town, Rajasthan.",https://upload.wikimedia.org/,https://sketchfab.com/
Indian Heritage Monument 451,Himachal Pradesh,Temple Town,,,"Historic monument located in Temple Town, Himachal Pradesh.",https://upload.wikimedia.org/,https://sketchfab.com/
Indian Heritage Monument 452,Assam,Historic Town,,,"Historic monument located in Historic Town, Assam.",https://upload.wikimedia.org/,https://sketchfab.com/
Indian Heritage Monument 453,Madhya Pradesh,Fort City,,,"Historic monument located in Fort City, Madhya Pradesh.",https://upload.wikimedia.org/,https://sketchfab.com/
Indian Heritage Monument 454,Puducherry,Capital City,,,"Historic monument located in Capital City, Puducherry.",https://upload.wikimedia.org/,https://sketchfab.com/
Indian Heritage Monument 455,Karnataka,Historic Town,,,"Historic monument located in Historic Town, Karnataka.",https://upload.wikimedia.org/,https://sketchfab.com/
Indian Heritage Monument 456,Meghalaya,Capital City,,,"Historic monument located in Capital City, Meghalaya.",https://upload.wikimedia.org/,https://sketchfab.com/
Indian Heritage Monument 457,Uttar Pradesh,Ancient Site,,,"Historic monument located in Ancient Site, Uttar Pradesh.",https://upload.wikimedia.org/,https://sketchfab.com/
Indian Heritage Monument 458,Karnataka,Fort City,,,"Historic monument located in Fort City, Karnataka.",https://upload.wikimedia.org/,https://sketchfab.com/
Indian Heritage Monument 459,Uttarakhand,Historic Town,,,"Historic monument located in Historic Town, Uttarakhand.",https://upload.wikimedia.org/,https://sketchfab.com/
Indian Heritage Monument 460,Nagaland,Historic Town,,,"Historic monument located in Historic Town, Nagaland.",https://upload.wikimedia.org/,https://sketchfab.com/
Indian Heritage Monument 461,Andhra Pradesh,Temple Town,,,"Historic monument located in Temple Town, Andhra Pradesh.",https://upload.wikimedia.org/,https://sketchfab.com/
Indian Heritage Monument 462,Uttar Pradesh,Historic Town,,,"Historic monument located in Historic Town, Uttar Pradesh.",https://upload.wikimedia.org/,https://sketchfab.com/
Indian Heritage Monument 463,Odisha,Historic Town,,,"Historic monument located in Historic Town, Odisha.",https://upload.wikimedia.org/,https://sketchfab.com/
Indian Heritage Monument 464,Telangana,Historic Town,,,"Historic monument located in Historic Town, Telangana.",https://upload.wikimedia.org/,https://sketchfab.com/
Indian Heritage Monument 465,Assam,Capital City,,,"Historic monument located in Capital City, Assam.",https://upload.wikimedia.org/,https://sketchfab.com/
Indian Heritage Monument 466,Himachal Pradesh,Capital City,,,"Historic monument located in Capital City, Himachal Pradesh.",https://upload.wikimedia.org/,https://sketchfab.com/
Indian Heritage Monument 467,Tamil Nadu,Capital City,,,"Historic monument located in Capital City, Tamil Nadu.",https://upload.wikimedia.org/,https://sketchfab.com/
Indian Heritage Monument 468,Uttarakhand,Historic Town,,,"Historic monument located in Historic Town, Uttarakhand.",https://upload.wikimedia.org/,https://sketchfab.com/
Indian Heritage Monument 469,Arunachal Pradesh,Temple Town,,,"Historic monument located in Temple Town, Arunachal Pradesh.",https://upload.wikimedia.org/,https://sketchfab.com/
Indian Heritage Monument 470,Uttarakhand,Capital City,,,"Historic monument located in Capital City, Uttarakhand.",https://upload.wikimedia.org/,https://sketchfab.com/
Indian Heritage Monument 471,Maharashtra,Fort City,,,"Historic monument located in Fort City, Maharashtra.",https://upload.wikimedia.org/,https://sketchfab.com/
Indian Heritage Monument 472,Puducherry,Temple Town,,,"Historic monument located in Temple Town, Puducherry.",https://upload.wikimedia.org/,https://sketchfab.com/
Indian Heritage Monument 473,Jammu and Kashmir,Fort City,,,"Historic monument located in Fort City, Jammu and Kashmir.",https://upload.wikimedia.org/,https://sketchfab.com/
Indian Heritage Monument 474,Jharkhand,Temple Town,,,"Historic monument located in Temple Town, Jharkhand.",https://upload.wikimedia.org/,https://sketchfab.com/
Indian Heritage Monument 475,Nagaland,Fort City,,,"Historic monument located in Fort City, Nagaland.",https://upload.wikimedia.org/,https://sketchfab.com/
Indian Heritage Monument 476,Arunachal Pradesh,Historic Town,,,"Historic monument located in Historic Town, Arunachal Pradesh.",https://upload.wikimedia.org/,https://sketchfab.com/
Indian Heritage Monument 477,Telangana,Fort City,,,"Historic monument located in Fort City, Telangana.",https://upload.wikimedia.org/,https://sketchfab.com/
Indian Heritage Monument 478,Mizoram,Temple Town,,,"Historic monument located in Temple Town, Mizoram.",https://upload.wikimedia.org/,https://sketchfab.com/
Indian Heritage Monument 479,West Bengal,Fort City,,,"Historic monument located in Fort City, West Bengal.",https://upload.wikimedia.org/,https://sketchfab.com/
Indian Heritage Monument 480,Nagaland,Capital City,,,"Historic monument located in Capital City, Nagaland.",https://upload.wikimedia.org/,https://sketchfab.com/
Indian Heritage Monument 481,Punjab,Fort City,,,"Historic monument located in Fort City, Punjab.",https://upload.wikimedia.org/,https://sketchfab.com/
Indian Heritage Monument 482,Madhya Pradesh,Capital City,,,"Historic monument located in Capital City, Madhya Pradesh.",https://upload.wikimedia.org/,https://sketchfab.com/
Indian Heritage Monument 483,Kerala,Capital City,,,"Historic monument located in Capital City, Kerala.",https://upload.wikimedia.org/,https://sketchfab.com/
Indian Heritage Monument 484,Uttar Pradesh,Historic Town,,,"Historic monument located in Historic Town, Uttar Pradesh.",https://upload.wikimedia.org/,https://sketchfab.com/
Indian Heritage Monument 485,Madhya Pradesh,Heritage City,,,"Historic monument located in Heritage City, Madhya Pradesh.",https://upload.wikimedia.org/,https://sketchfab.com/
Indian Heritage Monument 486,Jammu and Kashmir,Fort City,,,"Historic monument located in Fort City, Jammu and Kashmir.",https://upload.wikimedia.org/,https://sketchfab.com/
Indian Heritage Monument 487,Karnataka,Heritage City,,,"Historic monument located in Heritage City, Karnataka.",https://upload.wikimedia.org/,https://sketchfab.com/
Indian Heritage Monument 488,Goa,Capital City,,,"Historic monument located in Capital City, Goa.",https://upload.wikimedia.org/,https://sketchfab.com/
Indian Heritage Monument 489,Uttar Pradesh,Historic Town,,,"Historic monument located in Historic Town, Uttar Pradesh.",https://upload.wikimedia.org/,https://sketchfab.com/
Indian Heritage Monument 490,Karnataka,Heritage City,,,"Historic monument located in Heritage City, Karnataka.",https://upload.wikimedia.org/,https://sketchfab.com/
Indian Heritage Monument 491,Jharkhand,Ancient Site,,,"Historic monument located in Ancient Site, Jharkhand.",https://upload.wikimedia.org/,https://sketchfab.com/
Indian Heritage Monument 492,Odisha,Ancient Site,,,"Historic monument located in Ancient Site, Odisha.",https://upload.wikimedia.org/,https://sketchfab.com/
Indian Heritage Monument 493,Odisha,Historic Town,,,"Historic monument located in Historic Town, Odisha.",https://upload.wikimedia.org/,https://sketchfab.com/
Indian Heritage Monument 494,Maharashtra,Capital City,,,"Historic monument located in Capital City, Maharashtra.",https://upload.wikimedia.org/,https://sketchfab.com/
Indian Heritage Monument 495,Himachal Pradesh,Historic Town,,,"Historic monument located in Historic Town, Himachal Pradesh.",https://upload.wikimedia.org/,https://sketchfab.com/
Indian Heritage Monument 496,Jammu and Kashmir,Fort City,,,"Historic monument located in Fort City, Jammu and Kashmir.",https://upload.wikimedia.org/,https://sketchfab.com/
Indian Heritage Monument 497,Manipur,Ancient Site,,,"Historic monument located in Ancient Site, Manipur.",https://upload.wikimedia.org/,https://sketchfab.com/
Indian Heritage Monument 498,Kerala,Historic Town,,,"Historic monument located in Historic Town, Kerala.",https://upload.wikimedia.org/,https://sketchfab.com/
Indian Heritage Monument 499,Manipur,Fort City,,,"Historic monument located in Fort City, Manipur.",https://upload.wikimedia.org/,https://sketchfab.com/
Indian Heritage Monument 500,Andhra Pradesh,Heritage City,,,"Historic monument located in Heritage City, Andhra Pradesh.",https://upload.wikimedia.org/,https://sketchfab.com/
Indian Heritage Monument 501,Andaman and Nicobar Islands,Fort City,,,"Historic monument located in Fort City, Andaman and Nicobar Islands.",https://upload.wikimedia.org/,https://sketchfab.com/
Indian Heritage Monument 502,Nagaland,Ancient Site,,,"Historic monument located in Ancient Site, Nagaland.",https://upload.wikimedia.org/,https://sketchfab.com/
Indian Heritage Monument 503,Dadra and Nagar Haveli and Daman and Diu,Capital City,,,"Historic monument located in Capital City, Dadra and Nagar Haveli and Daman and Diu.",https://upload.wikimedia.org/,https://sketchfab.com/
Indian Heritage Monument 504,Jammu and Kashmir,Heritage City,,,"Historic monument located in Heritage City, Jammu and Kashmir.",https://upload.wikimedia.org/,https://sketchfab.com/
Indian Heritage Monument 505,Arunachal Pradesh,Temple Town,,,"Historic monument located in Temple Town, Arunachal Pradesh.",https://upload.wikimedia.org/,https://sketchfab.com/
Indian Heritage Monument 506,West Bengal,Temple Town,,,"Historic monument located in Temple Town, West Bengal.",https://upload.wikimedia.org/,https://sketchfab.com/
Indian Heritage Monument 507,Rajasthan,Fort City,,,"Historic monument located in Fort City, Rajasthan.",https://upload.wikimedia.org/,https://sketchfab.com/
Indian Heritage Monument 508,Lakshadweep,Historic Town,,,"Historic monument located in Historic Town, Lakshadweep.",https://upload.wikimedia.org/,https://sketchfab.com/
Indian Heritage Monument 509,Bihar,Temple Town,,,"Historic monument located in Temple Town, Bihar.",https://upload.wikimedia.org/,https://sketchfab.com/
Indian Heritage Monument 510,Punjab,Historic Town,,,"Historic monument located in Historic Town, Punjab.",https://upload.wikimedia.org/,https://sketchfab.com/
Indian Heritage Monument 511,Rajasthan,Temple Town,,,"Historic monument located in Temple Town, Rajasthan.",https://upload.wikimedia.org/,https://sketchfab.com/
Indian Heritage Monument 512,Uttar Pradesh,Historic Town,,,"Historic monument located in Historic Town, Uttar Pradesh.",https://upload.wikimedia.org/,https://sketchfab.com/
Indian Heritage Monument 513,Himachal Pradesh,Temple Town,,,"Historic monument located in Temple Town, Himachal Pradesh.",https://upload.wikimedia.org/,https://sketchfab.com/
Indian Heritage Monument 514,Arunachal Pradesh,Capital City,,,"Historic monument located in Capital City, Arunachal Pradesh.",https://upload.wikimedia.org/,https://sketchfab.com/
Indian Heritage Monument 515,Sikkim,Ancient Site,,,"Historic monument located in Ancient Site, Sikkim.",https://upload.wikimedia.org/,https://sketchfab.com/
Indian Heritage Monument 516,Kerala,Historic Town,,,"Historic monument located in Historic Town, Kerala.",https://upload.wikimedia.org/,https://sketchfab.com/
Indian Heritage Monument 517,Dadra and Nagar Haveli and Daman and Diu,Capital City,,,"Historic monument located in Capital City, Dadra and Nagar Haveli and Daman and Diu.",https://upload.wikimedia.org/,https://sketchfab.com/
Indian Heritage Monument 518,Andaman and Nicobar Islands,Historic Town,,,"Historic monument located in Historic Town, Andaman and Nicobar Islands.",https://upload.wikimedia.org/,https://sketchfab.com/
Indian Heritage Monument 519,Chhattisgarh,Temple Town,,,"Historic monument located in Temple Town, Chhattisgarh.",https://upload.wikimedia.org/,https://sketchfab.com/
Indian Heritage Monument 520,Ladakh,Historic Town,,,"Historic monument located in Historic Town, Ladakh.",https://upload.wikimedia.org/,https://sketchfab.com/
